{
  "fmi_no": [
    0.0,
    61.811485290527344
  ],
  "fmi_no2": [
    0.0,
    56.29759216308594
  ],
  "fmi_pm10p0": [
    0.0,
    283.2841491699219
  ],
  "fmi_pm2p5": [
    0.0,
    143.1856231689453
  ],
  "fmi_rel_humid": [
    0.2998336851596832,
    1.0
  ],
  "fmi_so2": [
    0.0,
    6.420897483825684
  ],
  "fmi_temp_2m": [
    281.22802734375,
    300.3909912109375
  ],
  "fmi_windspeed_10m": [
    0.283974289894104,
    11.144472122192383
  ],
  "megasense_aqi": [
    1.0,
    5.0
  ],
  "megasense_co": [
    2701.974609375,
    93823.6875
  ],
  "megasense_no2": [
    8.133000051202544E-7,
    4854.54150390625
  ],
  "megasense_o3": [
    1.3320000391559006E-7,
    4247.71875
  ],
  "megasense_pm10p0": [
    0.000017760099581209943,
    909.0736083984375
  ],
  "megasense_pm2p5": [
    0.000005096000222692965,
    741.8656005859375
  ]
}